"gene","waldStat_BA","pvalue_BA","padj_BA","fcMedian_BA","waldStat_AB","pvalue_AB","padj_AB","fcMedian_AB","max_padj","mean_waldStat","mean_fcMedian","both_positive_fc","both_negative_fc","consistent_direction"
"ABI3BP",137.109201116799,0,0,1.22956331317775,168.18535973676,0,0,1.3369574091552,0,152.64728042678,1.28326036116648,TRUE,FALSE,TRUE
"ACTG1",1955.78151152127,0,0,1.4588513449259,1951.13182782536,0,0,1.37055326487625,0,1953.45666967331,1.41470230490107,TRUE,FALSE,TRUE
"ADM",243.89804404388,0,0,0.44032043689932,271.014663249729,0,0,0.409214109514006,0,257.456353646804,0.424767273206663,TRUE,FALSE,TRUE
"AKR1C1",84.8322937984124,0,0,0.934132846849469,122.329608873082,0,0,0.870679845648517,0,103.580951335747,0.902406346248993,TRUE,FALSE,TRUE
"AKR1C2",96.4359210324638,0,0,1.7532909435717,101.59204472104,0,0,1.91686759707997,0,99.0139828767518,1.83507927032584,TRUE,FALSE,TRUE
"ANGPTL2",705.588654156175,0,0,1.20928981351716,676.570557252032,0,0,1.18909317290402,0,691.079605704103,1.19919149321059,TRUE,FALSE,TRUE
"ANP32B",157.270291196261,0,0,0.882500323665999,160.752048591493,0,0,0.920431937677997,0,159.011169893877,0.901466130671998,TRUE,FALSE,TRUE
"ARL6IP1",152.336097855564,0,0,0.587586326656114,163.293291818692,0,0,1.06279580392713,0,157.814694837128,0.82519106529162,TRUE,FALSE,TRUE
"ATP6AP2",99.8343710951615,0,0,0.580091285572099,82.7563653883721,0,0,0.685479071594958,0,91.2953682417668,0.632785178583528,TRUE,FALSE,TRUE
"ATP6V1B2",300.966149398432,0,0,1.2880713473969,266.651263487981,0,0,1.26412532050019,0,283.808706443206,1.27609833394855,TRUE,FALSE,TRUE
"AURKA",103.571178481986,0,0,1.86907980893775,102.273823891284,0,0,1.41812684662163,0,102.922501186635,1.64360332777969,TRUE,FALSE,TRUE
"B2M",197.772379306105,0,0,0.459032620735655,217.025243871579,0,0,0.495114098932698,0,207.398811588842,0.477073359834177,TRUE,FALSE,TRUE
"BASP1",157.332462446653,0,0,0.726769706230743,309.798877327512,0,0,0.674381115039623,0,233.565669887083,0.700575410635183,TRUE,FALSE,TRUE
"BDKRB2",124.010156037219,0,0,1.22950277897848,130.125793234709,0,0,1.05433460918957,0,127.067974635964,1.14191869408402,TRUE,FALSE,TRUE
"BMP2",394.290948478038,0,0,3.1864487026443,367.147315346854,0,0,3.24672630151917,0,380.719131912446,3.21658750208173,TRUE,FALSE,TRUE
"C11orf96",251.392262124546,0,0,2.57602068252955,252.260362443768,0,0,1.56821918465113,0,251.826312284157,2.07211993359034,TRUE,FALSE,TRUE
"CA12",1004.30533357231,0,0,1.43508599867949,1050.6684000577,0,0,1.72581771461763,0,1027.486866815,1.58045185664856,TRUE,FALSE,TRUE
"CALD1",287.125755182849,0,0,1.24981798111975,266.899967183228,0,0,1.23749131625969,0,277.012861183039,1.24365464868972,TRUE,FALSE,TRUE
"CALM1",173.96024375222,0,0,0.720113801321552,212.357033545593,0,0,0.756027678374039,0,193.158638648907,0.738070739847796,TRUE,FALSE,TRUE
"CAMK2N1",274.228338617467,0,0,1.0715182582149,258.290603674652,0,0,1.00560946312917,0,266.25947114606,1.03856386067203,TRUE,FALSE,TRUE
"CANX",84.1921487289604,0,0,0.774206449331535,100.665707128817,0,0,0.846662699200515,0,92.4289279288888,0.810434574266025,TRUE,FALSE,TRUE
"CAV1",832.534503377706,0,0,1.05508488566949,866.133113430386,0,0,1.0997179784277,0,849.333808404046,1.07740143204859,TRUE,FALSE,TRUE
"CCNB1",102.950128082612,0,0,1.32266578040043,98.3439055445756,0,0,1.17122255542412,0,100.647016813594,1.24694416791227,TRUE,FALSE,TRUE
"CD276",332.807713416431,0,0,1.38382242271533,345.726549648208,0,0,1.29003428504425,0,339.267131532319,1.33692835387979,TRUE,FALSE,TRUE
"CD36",131.603223011303,0,0,2.7192394028892,94.6246467703401,0,0,2.05227475933865,0,113.113934890821,2.38575708111393,TRUE,FALSE,TRUE
"CDKN1A",354.816018050426,0,0,0.797976325672239,358.931420893988,0,0,0.785318975194997,0,356.873719472207,0.791647650433618,TRUE,FALSE,TRUE
"CEBPB",159.088505868977,0,0,0.75049655836615,112.190272059277,0,0,0.635066785462237,0,135.639388964127,0.692781671914194,TRUE,FALSE,TRUE
"CEMIP",132.140813258379,0,0,1.25269266959444,119.075618832402,0,0,1.15684339786709,0,125.60821604539,1.20476803373077,TRUE,FALSE,TRUE
"CENPF",108.065541873973,0,0,1.99753836769916,114.486293995536,0,0,1.98314914537997,0,111.275917934754,1.99034375653957,TRUE,FALSE,TRUE
"CKS2",268.757494853369,0,0,1.39030894275682,267.156839445634,0,0,1.25709673994401,0,267.957167149502,1.32370284135041,TRUE,FALSE,TRUE
"CLDN11",282.995424008252,0,0,1.03073177607919,252.784470478752,0,0,1.01193463759648,0,267.889947243502,1.02133320683784,TRUE,FALSE,TRUE
"COL15A1",130.897509907291,0,0,1.2650088062236,123.744696314175,0,0,1.01982100845392,0,127.321103110733,1.14241490733876,TRUE,FALSE,TRUE
"COL1A1",280.43574552374,0,0,0.747106685027076,277.832018208555,0,0,0.748427029957754,0,279.133881866148,0.747766857492415,TRUE,FALSE,TRUE
"COL1A2",333.194799229305,0,0,0.631488340565844,361.699320579088,0,0,0.629672693681162,0,347.447059904196,0.630580517123503,TRUE,FALSE,TRUE
"COL3A1",491.840388517432,0,0,0.796649940043656,497.744046240877,0,0,0.820705480843951,0,494.792217379155,0.808677710443804,TRUE,FALSE,TRUE
"COL5A2",147.759301432765,0,0,0.618740669242805,148.726264842809,0,0,0.717401755667386,0,148.242783137787,0.668071212455095,TRUE,FALSE,TRUE
"CSTB",105.036007199248,0,0,0.974681541381795,100.018385352098,0,0,0.766811898937895,0,102.527196275673,0.870746720159845,TRUE,FALSE,TRUE
"CTSB",1732.80292898683,0,0,1.05114969457416,1689.48029264207,0,0,1.02005458871505,0,1711.14161081445,1.0356021416446,TRUE,FALSE,TRUE
"CTSK",1357.27248185585,0,0,1.52266460539337,1449.61858689806,0,0,1.69134322639556,0,1403.44553437695,1.60700391589447,TRUE,FALSE,TRUE
"CTSL",439.668447285465,0,0,1.22023988614923,430.023973171996,0,0,1.13475069029436,0,434.846210228731,1.1774952882218,TRUE,FALSE,TRUE
"CYGB",140.425611014879,0,0,0.960770764563239,132.031675548075,0,0,0.974376445088412,0,136.228643281477,0.967573604825825,TRUE,FALSE,TRUE
"CYP1B1",593.078258964359,0,0,1.77150205488077,576.31881945917,0,0,1.60105526218308,0,584.698539211764,1.68627865853193,TRUE,FALSE,TRUE
"CYSTM1",541.407102365561,0,0,1.55565218923465,557.420516059407,0,0,1.61318686731734,0,549.413809212484,1.58441952827599,TRUE,FALSE,TRUE
"DCN",1205.72674764688,0,0,0.856183901427665,1155.58350218967,0,0,0.898714628163228,0,1180.65512491828,0.877449264795446,TRUE,FALSE,TRUE
"DHRS7",255.308903341744,0,0,1.30911060820272,165.846587104841,0,0,1.10378749669649,0,210.577745223292,1.2064490524496,TRUE,FALSE,TRUE
"DUT",138.055218516955,0,0,0.979967168963084,89.7120253836611,0,0,0.874717767503789,0,113.883621950308,0.927342468233437,TRUE,FALSE,TRUE
"ENPP1",102.28573919782,0,0,1.76560310722108,101.689614198133,0,0,1.71274973381153,0,101.987676697977,1.73917642051631,TRUE,FALSE,TRUE
"FBXO32",230.820077748473,0,0,3.38282764162379,207.551306660443,0,0,3.41885577463932,0,219.185692204458,3.40084170813155,TRUE,FALSE,TRUE
"FGFR1",87.3286351591784,0,0,0.617214874741173,99.1998408698813,0,0,0.753832787620684,0,93.2642380145298,0.685523831180929,TRUE,FALSE,TRUE
"FTH1",2186.53766046971,0,0,1.24737667486571,2349.36190447098,0,0,1.30156579834757,0,2267.94978247034,1.27447123660664,TRUE,FALSE,TRUE
"FTL",2077.45066746909,0,0,0.901393957726223,2149.77639007932,0,0,0.827948731835521,0,2113.61352877421,0.864671344780872,TRUE,FALSE,TRUE
"G0S2",104.365935978488,0,0,2.61771551485035,83.7407923471241,0,0,2.12683731372494,0,94.0533641628062,2.37227641428764,TRUE,FALSE,TRUE
"GALNT15",195.804314175588,0,0,2.01653127687202,186.40129080503,0,0,1.07663689973429,0,191.102802490309,1.54658408830315,TRUE,FALSE,TRUE
"GDF15",400.227563570205,0,0,2.81239410610788,406.176851345003,0,0,2.96453477622177,0,403.202207457604,2.88846444116483,TRUE,FALSE,TRUE
"GLO1",182.243517574219,0,0,1.23627481950503,178.649461170491,0,0,1.32535734134818,0,180.446489372355,1.28081608042661,TRUE,FALSE,TRUE
"GNG11",210.446853450621,0,0,0.785838881210858,200.744659988261,0,0,0.803237981040324,0,205.595756719441,0.794538431125591,TRUE,FALSE,TRUE
"GRN",490.245858645719,0,0,1.11672603992252,567.363353777762,0,0,1.19931856752154,0,528.80460621174,1.15802230372203,TRUE,FALSE,TRUE
"H1F0",85.8264445523341,0,0,0.953370895784666,94.2386512739953,0,0,0.92765198402075,0,90.0325479131647,0.940511439902708,TRUE,FALSE,TRUE
"H2AFZ",397.330577278954,0,0,0.96597807820311,325.457724325453,0,0,0.891088675729783,0,361.394150802204,0.928533376966446,TRUE,FALSE,TRUE
"H3F3A",208.830811981084,0,0,1.10353172621276,197.991510858128,0,0,1.21795411365994,0,203.411161419606,1.16074291993635,TRUE,FALSE,TRUE
"HAS2",566.452328921836,0,0,1.2804781804902,590.283137358374,0,0,1.5140077474322,0,578.367733140105,1.3972429639612,TRUE,FALSE,TRUE
"HIST1H4C",110.895024273022,0,0,2.07247353649888,104.089834373144,0,0,2.03904620201329,0,107.492429323083,2.05575986925609,TRUE,FALSE,TRUE
"HLA.C",246.285440654583,0,0,1.05370721574793,266.262071594709,0,0,0.956905042965211,0,256.273756124646,1.00530612935657,TRUE,FALSE,TRUE
"HMGA1",201.036325886938,0,0,0.629940992691375,157.786499855542,0,0,0.69095218829221,0,179.41141287124,0.660446590491793,TRUE,FALSE,TRUE
"HMGB1",324.554692736778,0,0,0.980340419297485,274.938093929178,0,0,0.912175544782275,0,299.746393332978,0.94625798203988,TRUE,FALSE,TRUE
"HMGB2",300.39374126897,0,0,2.04496383309069,293.55512564136,0,0,1.87530731984057,0,296.974433455165,1.96013557646563,TRUE,FALSE,TRUE
"HMGN2",338.60101165182,0,0,1.22410843025007,356.715780032061,0,0,1.32864334843047,0,347.65839584194,1.27637588934027,TRUE,FALSE,TRUE
"HMOX1",1055.08363517002,0,0,2.75023486956044,1016.58391444184,0,0,2.70574649137016,0,1035.83377480593,2.7279906804653,TRUE,FALSE,TRUE
"HNRNPA2B1",122.130132856712,0,0,0.554147543198661,115.822995778291,0,0,0.631561951810229,0,118.976564317501,0.592854747504445,TRUE,FALSE,TRUE
"HSP90AA1",1289.32750431658,0,0,1.78341703324081,1168.06951475753,0,0,1.48545620631647,0,1228.69850953705,1.63443661977864,TRUE,FALSE,TRUE
"HSPB7",576.538690697788,0,0,1.3501686312632,482.594186239064,0,0,1.31003984965162,0,529.566438468426,1.33010424045741,TRUE,FALSE,TRUE
"ID1",154.321485320119,0,0,1.03230784491018,180.105546343705,0,0,0.883806181141911,0,167.213515831912,0.958057013026046,TRUE,FALSE,TRUE
"ID3",102.888674669078,0,0,1.00809129526053,99.3246351978356,0,0,0.906025162143687,0,101.106654933457,0.957058228702111,TRUE,FALSE,TRUE
"IGFBP4",465.796865363401,0,0,0.71531749316341,437.522091559398,0,0,0.750868598945814,0,451.6594784614,0.733093046054612,TRUE,FALSE,TRUE
"IGFBP5",631.351988885054,0,0,1.67701924294697,647.414620873552,0,0,1.7699293875883,0,639.383304879303,1.72347431526763,TRUE,FALSE,TRUE
"IL1RN",178.945721120643,0,0,3.70076606517521,155.935391275402,0,0,3.7181844364079,0,167.440556198023,3.70947525079155,TRUE,FALSE,TRUE
"IL33",95.5322954783957,0,0,2.18912967795218,93.6385317381423,0,0,1.96633399515673,0,94.585413608269,2.07773183655446,TRUE,FALSE,TRUE
"IRAK1",165.339557759234,0,0,1.05721214515463,168.118004326583,0,0,1.00729102546397,0,166.728781042909,1.0322515853093,TRUE,FALSE,TRUE
"ITGA5",207.694692089849,0,0,0.787251564344897,212.102061369652,0,0,0.889665119818662,0,209.898376729751,0.838458342081779,TRUE,FALSE,TRUE
"ITGB5",146.284154162998,0,0,0.729726272095875,165.097103294471,0,0,0.698451081767552,0,155.690628728734,0.714088676931713,TRUE,FALSE,TRUE
"JUND",137.693017703004,0,0,0.899669122313052,131.017761920892,0,0,0.783435226147892,0,134.355389811948,0.841552174230472,TRUE,FALSE,TRUE
"KLHL21",117.889430494438,0,0,1.20679946386764,142.716301319813,0,0,1.387793086836,0,130.302865907126,1.29729627535182,TRUE,FALSE,TRUE
"LAMC1",100.107109942277,0,0,0.636951184156674,107.492452442196,0,0,0.660304801482712,0,103.799781192236,0.648627992819693,TRUE,FALSE,TRUE
"LINC00520",224.020840307169,0,0,4.30391212611289,195.711988956039,0,0,4.9372173948406,0,209.866414631604,4.62056476047675,TRUE,FALSE,TRUE
"LRRC32",185.889189919189,0,0,2.22280679106489,197.352877419503,0,0,2.24547548605619,0,191.621033669346,2.23414113856054,TRUE,FALSE,TRUE
"LUM",256.16685572118,0,0,0.414712569871086,323.691045279659,0,0,0.376631757662633,0,289.92895050042,0.39567216376686,TRUE,FALSE,TRUE
"MALAT1",517.459977724922,0,0,0.663254047199318,502.371710745898,0,0,0.833236072988031,0,509.91584423541,0.748245060093674,TRUE,FALSE,TRUE
"MEDAG",177.633600676576,0,0,1.32589586706538,202.124812602637,0,0,1.32168987664617,0,189.879206639606,1.32379287185578,TRUE,FALSE,TRUE
"MID1IP1",151.778238111619,0,0,1.37354187984657,119.905694837967,0,0,1.18911560405897,0,135.841966474793,1.28132874195277,TRUE,FALSE,TRUE
"MKNK2",120.951260632286,0,0,1.46223538853139,164.985009930906,0,0,1.87368042239523,0,142.968135281596,1.66795790546331,TRUE,FALSE,TRUE
"MME",936.835332162867,0,0,1.00911431388788,1000.27553262404,0,0,1.06498765534063,0,968.555432393455,1.03705098461425,TRUE,FALSE,TRUE
"MMP1",399.084307983222,0,0,1.88567029187593,371.759545455083,0,0,1.83494942623351,0,385.421926719152,1.86030985905472,TRUE,FALSE,TRUE
"MMP14",312.310660550326,0,0,1.08256785485067,305.981864978406,0,0,1.15404027144503,0,309.146262764366,1.11830406314785,TRUE,FALSE,TRUE
"MMP2",787.657068025663,0,0,0.730007149761713,855.29405058908,0,0,0.754516008964748,0,821.475559307372,0.742261579363231,TRUE,FALSE,TRUE
"MMP3",394.98561581101,0,0,1.16352863801009,384.176537308294,0,0,1.13965077049188,0,389.581076559652,1.15158970425098,TRUE,FALSE,TRUE
"MT.CO1",119.429948656404,0,0,0.452121575140378,119.959257037705,0,0,0.446321945945409,0,119.694602847055,0.449221760542894,TRUE,FALSE,TRUE
"MT.CO3",134.857774573061,0,0,0.496816220104892,130.949939779658,0,0,0.47479718171409,0,132.90385717636,0.485806700909491,TRUE,FALSE,TRUE
"MT1E",196.699698683875,0,0,1.08031764156767,118.00823941985,0,0,0.752969816749096,0,157.353969051862,0.916643729158382,TRUE,FALSE,TRUE
"MYL9",141.156768706554,0,0,0.635086961625061,129.056805012917,0,0,0.507868364087327,0,135.106786859735,0.571477662856194,TRUE,FALSE,TRUE
"NDUFS5",138.587581707278,0,0,0.814927211819155,124.827836042921,0,0,0.843132591463059,0,131.707708875099,0.829029901641107,TRUE,FALSE,TRUE
"NEAT1",1210.77320869577,0,0,1.43515634005771,1108.02315448342,0,0,1.3204822723548,0,1159.3981815896,1.37781930620625,TRUE,FALSE,TRUE
"NPC2",252.108121737357,0,0,0.884982779142776,275.525775204254,0,0,0.973272592408363,0,263.816948470805,0.929127685775569,TRUE,FALSE,TRUE
"NREP",125.22040781808,0,0,0.504715635411512,118.862770181075,0,0,0.445192698938864,0,122.041588999578,0.474954167175188,TRUE,FALSE,TRUE
"OAF",421.009524917912,0,0,1.00545082451101,346.125767520202,0,0,0.932034548273708,0,383.567646219057,0.968742686392361,TRUE,FALSE,TRUE
"OLFM2",274.179870520892,0,0,1.23884585197623,246.024482499385,0,0,1.18188486271672,0,260.102176510138,1.21036535734647,TRUE,FALSE,TRUE
"PAPPA",213.672069515002,0,0,0.659024363249173,221.305048263642,0,0,0.642805108897239,0,217.488558889322,0.650914736073206,TRUE,FALSE,TRUE
"PBX3",154.655334576119,0,0,1.2225228527174,146.628499806935,0,0,1.1144601618301,0,150.641917191527,1.16849150727375,TRUE,FALSE,TRUE
"PCNA",165.768581229959,0,0,1.2311230386825,184.311177725544,0,0,1.46123180632993,0,175.039879477751,1.34617742250621,TRUE,FALSE,TRUE
"PDIA3",128.575929077812,0,0,1.05078184834506,107.845328776881,0,0,0.860380179159593,0,118.210628927347,0.955581013752328,TRUE,FALSE,TRUE
"PDK4",320.988729584856,0,0,2.36288092935849,317.333203064954,0,0,2.33629432974318,0,319.160966324905,2.34958762955084,TRUE,FALSE,TRUE
"PHLDA1",96.6377278362636,0,0,0.796323406862374,115.074999530941,0,0,0.878911727381892,0,105.856363683602,0.837617567122133,TRUE,FALSE,TRUE
"PLD3",155.591463662967,0,0,0.657831613741133,100.890638584409,0,0,0.524022594520171,0,128.241051123688,0.590927104130652,TRUE,FALSE,TRUE
"PLIN2",156.028869530254,0,0,1.01666260622214,181.141446241888,0,0,1.03449913650628,0,168.585157886071,1.02558087136421,TRUE,FALSE,TRUE
"PLPP3",139.820975190801,0,0,0.928246466293813,110.165397376183,0,0,0.586173043832496,0,124.993186283492,0.757209755063154,TRUE,FALSE,TRUE
"PPP1R15A",179.040968230496,0,0,1.08783480618338,178.226471238193,0,0,1.26014724914436,0,178.633719734344,1.17399102766387,TRUE,FALSE,TRUE
"PRR11",172.014175521844,0,0,1.58428893409942,165.927434190751,0,0,1.36644460100731,0,168.970804856297,1.47536676755336,TRUE,FALSE,TRUE
"PRSS23",207.626418885669,0,0,0.56958535253388,183.753768597525,0,0,0.507357746500121,0,195.690093741597,0.538471549517001,TRUE,FALSE,TRUE
"PSAP",1483.94657243147,0,0,1.30643742902446,1470.80366083315,0,0,1.11289167564186,0,1477.37511663231,1.20966455233316,TRUE,FALSE,TRUE
"PTMA",413.0903408922,0,0,0.91721332545671,334.029302989897,0,0,0.828675030980466,0,373.559821941049,0.872944178218588,TRUE,FALSE,TRUE
"PTTG1",138.353624073982,0,0,1.32898825833511,142.429282394365,0,0,1.32520263348313,0,140.391453234174,1.32709544590912,TRUE,FALSE,TRUE
"RAB31",121.323357623604,0,0,0.965213078187555,120.008863590219,0,0,0.900182558435171,0,120.666110606912,0.932697818311363,TRUE,FALSE,TRUE
"RAN",98.6816499037529,0,0,0.49150474340987,85.3483395379545,0,0,0.529918004233641,0,92.0149947208537,0.510711373821756,TRUE,FALSE,TRUE
"RHOQ",256.205720590745,0,0,0.833870524381599,268.909949138527,0,0,0.789512914650992,0,262.557834864636,0.811691719516296,TRUE,FALSE,TRUE
"RND3",352.207757052587,0,0,1.18927870414487,328.600587266771,0,0,1.21325784414155,0,340.404172159679,1.20126827414321,TRUE,FALSE,TRUE
"S100A4",167.585989348684,0,0,0.7417803317597,141.224708602987,0,0,0.647863923032968,0,154.405348975835,0.694822127396334,TRUE,FALSE,TRUE
"SEPT11",101.49691786763,0,0,0.893615046832129,106.241005421955,0,0,0.891510972690706,0,103.868961644793,0.892563009761417,TRUE,FALSE,TRUE
"SERBP1",168.921901994151,0,0,1.14422355615537,107.576004237463,0,0,0.787380316687748,0,138.248953115807,0.965801936421558,TRUE,FALSE,TRUE
"SERPINB2",113.7860528757,0,0,3.42787528079692,102.177835092047,0,0,3.68664478462158,0,107.981943983873,3.55726003270925,TRUE,FALSE,TRUE
"SERPINE2",203.367492142511,0,0,0.637568586934536,182.357045908638,0,0,0.60688471157425,0,192.862269025574,0.622226649254393,TRUE,FALSE,TRUE
"SERPINF1",250.784581782107,0,0,0.764900925756807,264.751483853822,0,0,0.982855463116314,0,257.768032817964,0.873878194436561,TRUE,FALSE,TRUE
"SET",232.95473633767,0,0,0.866466250109526,245.990047667437,0,0,1.05791822492633,0,239.472392002554,0.96219223751793,TRUE,FALSE,TRUE
"SFRP2",127.778322071473,0,0,2.70499471524819,147.245734653715,0,0,2.79326790430122,0,137.512028362594,2.7491313097747,TRUE,FALSE,TRUE
"SH3BGRL3",128.230976405232,0,0,0.521255226451262,151.00300169699,0,0,0.567675864825478,0,139.616989051111,0.54446554563837,TRUE,FALSE,TRUE
"SMC4",270.004067499528,0,0,1.69310503146264,268.96527261303,0,0,1.50487920555803,0,269.484670056279,1.59899211851034,TRUE,FALSE,TRUE
"SNHG7",151.081411276804,0,0,1.10383196483061,156.778352231744,0,0,1.08011326971965,0,153.929881754274,1.09197261727513,TRUE,FALSE,TRUE
"SNRPG",130.793452655338,0,0,0.857295169852639,116.849130021097,0,0,0.865502282789936,0,123.821291338217,0.861398726321287,TRUE,FALSE,TRUE
"SNX9",232.41704046588,0,0,1.01275859721735,262.894793229246,0,0,1.08068316922297,0,247.655916847563,1.04672088322016,TRUE,FALSE,TRUE
"SOD2",408.016249301361,0,0,1.55880696540255,489.987856703206,0,0,1.58142664852213,0,449.002053002284,1.57011680696234,TRUE,FALSE,TRUE
"SPARC",401.807734185233,0,0,0.603995770467355,424.729358667537,0,0,0.552521012248375,0,413.268546426385,0.578258391357865,TRUE,FALSE,TRUE
"SQSTM1",640.278937096636,0,0,1.6416377498012,538.688671127709,0,0,1.34823202493382,0,589.483804112172,1.49493488736751,TRUE,FALSE,TRUE
"STC1",84.175314568165,0,0,0.777947516477083,120.884122088167,0,0,0.797586637879572,0,102.529718328166,0.787767077178327,TRUE,FALSE,TRUE
"STC2",568.806919327676,0,0,1.57945403970673,564.907049380717,0,0,1.44759029079018,0,566.856984354196,1.51352216524846,TRUE,FALSE,TRUE
"STMN1",543.132829736473,0,0,1.96675739311392,553.183284555771,0,0,1.8294334637089,0,548.158057146122,1.89809542841141,TRUE,FALSE,TRUE
"STMN2",349.512014231088,0,0,1.19843913434346,345.73284198792,0,0,1.33592592395909,0,347.622428109504,1.26718252915128,TRUE,FALSE,TRUE
"TFPI2",126.424929530806,0,0,1.02982871533109,109.015132751254,0,0,0.990907600521806,0,117.72003114103,1.01036815792645,TRUE,FALSE,TRUE
"THBD",187.419832653176,0,0,1.77138785575099,210.756095604264,0,0,1.52550330458918,0,199.08796412872,1.64844558017008,TRUE,FALSE,TRUE
"THBS1",621.447971395362,0,0,0.842079979926685,605.971162238427,0,0,0.851162559736821,0,613.709566816894,0.846621269831753,TRUE,FALSE,TRUE
"THBS2",634.12320523129,0,0,1.41697354433468,637.861419112934,0,0,1.32970206367004,0,635.992312172112,1.37333780400236,TRUE,FALSE,TRUE
"THY1",93.4620271460986,0,0,0.667060446530918,95.9396686566698,0,0,0.641468795230146,0,94.7008479013842,0.654264620880532,TRUE,FALSE,TRUE
"TM4SF1",281.545986660918,0,0,1.19476477867068,285.14864074512,0,0,1.1456683346168,0,283.347313703019,1.17021655664374,TRUE,FALSE,TRUE
"TOP2A",187.862109457073,0,0,1.95898006939045,186.908361977368,0,0,1.8863403847764,0,187.38523571722,1.92266022708343,TRUE,FALSE,TRUE
"TP53I11",144.031956301699,0,0,1.26127128675208,147.078320420173,0,0,1.17506823989464,0,145.555138360936,1.21816976332336,TRUE,FALSE,TRUE
"TPX2",131.994911628949,0,0,1.63171761859869,141.656656630021,0,0,1.56435545367042,0,136.825784129485,1.59803653613456,TRUE,FALSE,TRUE
"TUBA1A",96.2011131623726,0,0,0.900304100572362,134.542016897654,0,0,0.875150200499604,0,115.371565030013,0.887727150535983,TRUE,FALSE,TRUE
"TUBA1C",114.34898162842,0,0,0.533232551445341,99.7282061511519,0,0,0.56311678039649,0,107.038593889786,0.548174665920915,TRUE,FALSE,TRUE
"TUBB4B",91.9475745029743,0,0,0.634666302217652,97.0349118936551,0,0,0.691917742888351,0,94.4912431983147,0.663292022553001,TRUE,FALSE,TRUE
"TXNIP",246.841961218655,0,0,0.684230015858984,312.137705090868,0,0,0.791336018450682,0,279.489833154762,0.737783017154833,TRUE,FALSE,TRUE
"TYMS",291.933732952433,0,0,2.3049952461788,291.485062173664,0,0,2.20391148718178,0,291.709397563049,2.25445336668029,TRUE,FALSE,TRUE
"UBE2S",204.385027796553,0,0,0.842108465316175,178.284246354713,0,0,0.871492908349957,0,191.334637075633,0.856800686833066,TRUE,FALSE,TRUE
"VAT1",170.49512787022,0,0,0.570734648434753,147.348098418248,0,0,0.85488970279769,0,158.921613144234,0.712812175616222,TRUE,FALSE,TRUE
"WISP2",209.275547019398,0,0,2.53791671216255,231.231626568497,0,0,3.35105549296915,0,220.253586793948,2.94448610256585,TRUE,FALSE,TRUE
"YWHAE",625.970804620405,0,0,1.21103162811523,573.843880089832,0,0,1.18269193497822,0,599.907342355119,1.19686178154673,TRUE,FALSE,TRUE
"ZFAND5",175.476977948698,0,0,1.016433226677,165.416167174063,0,0,0.955677481963992,0,170.44657256138,0.986055354320494,TRUE,FALSE,TRUE
"ZFAS1",125.498511503063,0,0,0.868773543799539,119.088465851524,0,0,0.900302008168385,0,122.293488677293,0.884537775983962,TRUE,FALSE,TRUE
"ZFP36L1",235.449431874054,0,0,0.849271089711022,255.62523881839,0,0,0.825526808472409,0,245.537335346222,0.837398949091715,TRUE,FALSE,TRUE
"EGR1",80.8842696979072,1.11022302462516e-16,4.3979552964433e-16,1.22397284893948,84.1875482432295,0,0,1.30891539794302,4.3979552964433e-16,82.5359089705684,1.26644412344125,TRUE,FALSE,TRUE
"LRP10",79.2369388589468,2.22044604925031e-16,8.65249900713301e-16,0.542356793455282,143.090009105812,0,0,0.682757542795744,8.65249900713301e-16,111.163473982379,0.612557168125513,TRUE,FALSE,TRUE
"TPM2",71.7786408048294,2.22044604925031e-16,8.65249900713301e-16,0.573132526015654,94.6894762196113,0,0,0.181654261568938,8.65249900713301e-16,83.2340585122203,0.377393393792296,TRUE,FALSE,TRUE
"POSTN",78.3409941495824,4.44089209850063e-16,1.71189227668008e-15,1.8219341139845,93.2126702275425,0,0,2.02175581202162,1.71189227668008e-15,85.7768321885624,1.92184496300306,TRUE,FALSE,TRUE
"SPON2",74.0701441155479,5.55111512312578e-16,2.12842221565839e-15,2.64068878615972,563.24587671671,0,0,1.20611449451751,2.12842221565839e-15,318.658010416129,1.92340164033861,TRUE,FALSE,TRUE
"TUBB",84.0430763191909,0,0,0.369171301443265,77.5741837758559,5.55111512312578e-16,2.17191170937599e-15,0.35720164704528,2.17191170937599e-15,80.8086300475234,0.363186474244272,TRUE,FALSE,TRUE
"SUB1",76.9549997245612,7.7715611723761e-16,2.93274176873351e-15,0.869605986671431,93.0885898349711,0,0,0.944150439975436,2.93274176873351e-15,85.0217947797661,0.906878213323433,TRUE,FALSE,TRUE
"RGS4",85.5915378615889,0,0,1.30958748416089,76.2263127970747,1.11022302462516e-15,4.25090740979472e-15,1.20661967838176,4.25090740979472e-15,80.9089253293318,1.25810358127132,TRUE,FALSE,TRUE
"TMED9",81.145852961819,1.11022302462516e-16,4.3979552964433e-16,0.739568015158551,76.297508286267,1.11022302462516e-15,4.25090740979472e-15,0.833350365580836,4.25090740979472e-15,78.721680624043,0.786459190369693,TRUE,FALSE,TRUE
"HMMR",85.013727187073,0,0,2.2223260966132,75.2470166064061,1.77635683940025e-15,6.76527392026904e-15,1.72075537369006,6.76527392026904e-15,80.1303718967395,1.97154073515163,TRUE,FALSE,TRUE
"ANXA1",74.717052445937,2.33146835171283e-15,8.70657712592759e-15,0.63292246493614,108.543657129168,0,0,0.684448229577025,8.70657712592759e-15,91.6303547875525,0.658685347256583,TRUE,FALSE,TRUE
"CKAP2",73.1852469618894,4.77395900588817e-15,1.73752721178773e-14,1.04019294400261,78.6315286346723,3.33066907387547e-16,1.31030717411804e-15,1.33809684804033,1.73752721178773e-14,75.9083877982809,1.18914489602147,TRUE,FALSE,TRUE
"RPL22L1",73.2500243802764,4.66293670342566e-15,1.70577837569194e-14,0.94609204545266,73.2077544842258,4.77395900588817e-15,1.79902876221891e-14,0.866865872671554,1.79902876221891e-14,73.2288894322511,0.906478959062107,TRUE,FALSE,TRUE
"CSRP1",83.5005219657992,0,0,0.734305566878582,73.1501544508845,4.88498130835069e-15,1.8312285951723e-14,0.76659479298652,1.8312285951723e-14,78.3253382083419,0.750450179932551,TRUE,FALSE,TRUE
"ANXA2",75.9581530412277,1.22124532708767e-15,4.58446544252283e-15,0.432847198975978,72.6173722114434,6.32827124036339e-15,2.35991781671885e-14,0.457942991465644,2.35991781671885e-14,74.2877626263356,0.445395095220811,TRUE,FALSE,TRUE
"HNRNPA1",77.0397974896712,7.7715611723761e-16,2.93274176873351e-15,0.597155310299132,72.2490236423737,7.54951656745106e-15,2.78631642386338e-14,0.555247405416332,2.78631642386338e-14,74.6444105660225,0.576201357857732,TRUE,FALSE,TRUE
"LGALS1",74.5290318804142,2.55351295663786e-15,9.48636678709505e-15,0.47580618647993,72.2648819589109,7.54951656745106e-15,2.78631642386338e-14,0.457663282040511,2.78631642386338e-14,73.3969569196625,0.46673473426022,TRUE,FALSE,TRUE
"UBE2C",68.6946815837157,8.10462807976364e-15,2.93485774403562e-14,2.72009919797806,136.79652113152,0,0,2.65551746779393,2.93485774403562e-14,102.745601357618,2.68780833288599,TRUE,FALSE,TRUE
"LGALS3BP",101.555209734388,0,0,0.912810086864431,72.0695859768114,8.32667268468867e-15,3.04178451134545e-14,0.660682735270275,3.04178451134545e-14,86.8123978555995,0.786746411067353,TRUE,FALSE,TRUE
"NT5E",73.4361175084797,4.21884749357559e-15,1.55923384169778e-14,0.735846847613816,71.5334432679437,1.0769163338864e-14,3.89430351041749e-14,0.703604927449389,3.89430351041749e-14,72.4847803882117,0.719725887531603,TRUE,FALSE,TRUE
"SRSF2",71.088032272679,1.33226762955019e-14,4.77617945193742e-14,0.891239520470373,78.5891766766041,3.33066907387547e-16,1.31030717411804e-15,0.990772988612409,4.77617945193742e-14,74.8386044746416,0.941006254541391,TRUE,FALSE,TRUE
"RAB3B",70.8960442166049,1.46549439250521e-14,5.22765910162305e-14,0.687025724441626,98.5379295445084,0,0,0.769244711393565,5.22765910162305e-14,84.7169868805566,0.728135217917595,TRUE,FALSE,TRUE
"BUB3",81.8609151112737,1.11022302462516e-16,4.3979552964433e-16,0.864269873794113,70.3387852841013,1.92068583260152e-14,6.87605528071344e-14,0.856259883228607,6.87605528071344e-14,76.0998501976875,0.86026487851136,TRUE,FALSE,TRUE
"CRABP2",82.5410122359511,0,0,0.696509786188343,69.2457959372641,3.27515792264421e-14,1.16667317045436e-13,0.675475840603614,1.16667317045436e-13,75.8934040866076,0.685992813395979,TRUE,FALSE,TRUE
"ENO1",68.522892163031,4.65183447317941e-14,1.64303710210327e-13,0.558027643071742,76.7125913535928,8.88178419700125e-16,3.43749053246103e-15,0.63161921832574,1.64303710210327e-13,72.6177417583119,0.594823430698741,TRUE,FALSE,TRUE
"ELL2",82.0070619420612,1.11022302462516e-16,4.3979552964433e-16,0.892101737549835,67.8288738169485,6.51700915454967e-14,2.28734242875371e-13,0.469596847181029,2.28734242875371e-13,74.9179678795049,0.680849292365432,TRUE,FALSE,TRUE
"F3",73.379081676488,4.44089209850063e-15,1.63288186391023e-14,1.18719098944762,67.4589135223813,7.80486786311485e-14,2.72599287316597e-13,1.16164433574495,2.72599287316597e-13,70.4189975994347,1.17441766259629,TRUE,FALSE,TRUE
"EIF1",91.5758548529876,0,0,0.673661275926887,67.2301170497989,8.71525074330748e-14,3.029184238936e-13,0.535598185148744,3.029184238936e-13,79.4029859513932,0.604629730537816,TRUE,FALSE,TRUE
"GREM1",66.2710015299496,1.38888900380607e-13,4.81078944796596e-13,0.709946844916775,68.0025432296777,5.99520433297585e-14,2.1145646809905e-13,0.666606398607167,4.81078944796596e-13,67.1367723798137,0.688276621761971,TRUE,FALSE,TRUE
"HLA.B",66.2324426912095,1.41553435639707e-13,4.87951025738799e-13,0.513266306770375,70.3691215838524,1.89848137210902e-14,6.83071689663345e-14,0.506971799311128,4.87951025738799e-13,68.3007821375309,0.510119053040751,TRUE,FALSE,TRUE
"SFRP1",66.1529878862236,1.47104550762833e-13,5.04660109554791e-13,1.17254943761526,92.6044285993634,0,0,1.38928402110021,5.04660109554791e-13,79.3787082427935,1.28091672935774,TRUE,FALSE,TRUE
"MT2A",79.6890371834556,2.22044604925031e-16,8.65249900713301e-16,0.314408424372037,66.1362578021618,1.48214773787458e-13,5.12665594356619e-13,0.328312633331495,5.12665594356619e-13,72.9126474928087,0.321360528851766,TRUE,FALSE,TRUE
"SLIT2",65.4679254361622,2.05058192648266e-13,6.97563649812978e-13,0.887229227799804,71.7671296588279,9.65894031423886e-15,3.51055901776397e-14,0.92009974401687,6.97563649812978e-13,68.617527547495,0.903664485908337,TRUE,FALSE,TRUE
"APLP2",65.1768669782311,2.36144437337771e-13,7.98658309298027e-13,0.342996631328507,74.2329004798094,2.88657986402541e-15,1.09354030827629e-14,0.571411909119996,7.98658309298027e-13,69.7048837290203,0.457204270224251,TRUE,FALSE,TRUE
"TGFBI",64.6282964465935,3.08197911635943e-13,1.03260702169613e-12,0.596874845865792,86.5377054153146,0,0,0.72752646329624,1.03260702169613e-12,75.583000930954,0.662200654581016,TRUE,FALSE,TRUE
"DEK",105.85674651849,0,0,0.919323027862766,63.0739212275885,6.54698517621455e-13,2.2007706038355e-12,0.843580315683837,2.2007706038355e-12,84.4653338730393,0.881451671773301,TRUE,FALSE,TRUE
"PDLIM7",62.1039424163727,1.04749542373384e-12,3.46107934938783e-12,0.33422673334217,79.5089461702995,2.22044604925031e-16,8.88178419700125e-16,0.467995568387031,3.46107934938783e-12,70.8064442933361,0.4011111508646,TRUE,FALSE,TRUE
"CXCL6",78.4313570027049,3.33066907387547e-16,1.29085931133444e-15,1.60854326376216,61.3578070419109,1.50346401994739e-12,5.0302814873006e-12,1.43537325599101,5.0302814873006e-12,69.8945820223079,1.52195825987658,TRUE,FALSE,TRUE
"ZFP36",101.844557371972,0,0,1.09068192439194,60.1062939945051,2.75546252481718e-12,9.05005122829861e-12,0.825071524138413,9.05005122829861e-12,80.9754256832384,0.957876724265175,TRUE,FALSE,TRUE
"DCBLD2",59.7742704700825,3.23563398296756e-12,1.05933770127294e-11,0.637967865618067,68.9837289809981,3.71924713249427e-14,1.31830739943856e-13,0.691115849923613,1.05933770127294e-11,64.3789997255403,0.66454185777084,TRUE,FALSE,TRUE
"AXL",59.3484017517717,3.97581967348515e-12,1.29575577540402e-11,0.523391994336257,61.1659640449264,1.64979141459298e-12,5.49418908301663e-12,0.499253539174327,1.29575577540402e-11,60.257182898349,0.511322766755292,TRUE,FALSE,TRUE
"KPNA2",58.3649142984552,6.39699404558769e-12,2.06605618499386e-11,0.790592113722623,58.0847794010392,7.32458538266201e-12,2.35175028429865e-11,0.701524358550492,2.35175028429865e-11,58.2248468497472,0.746058236136558,TRUE,FALSE,TRUE
"CRIM1",58.0325912599956,7.51176898461381e-12,2.40443676873576e-11,0.80467675802995,78.659009585901,3.33066907387547e-16,1.31030717411804e-15,0.863053113253698,2.40443676873576e-11,68.3458004229483,0.833864935641824,TRUE,FALSE,TRUE
"VEGFA",88.8780648634523,0,0,0.744586564041687,56.6304685645588,1.47891698887292e-11,4.7062425068134e-11,0.651974400929228,4.7062425068134e-11,72.7542667140056,0.698280482485458,TRUE,FALSE,TRUE
"LIMS1",56.106063791462,1.90508719910554e-11,6.01738996369458e-11,0.675884482211262,111.891580039213,0,0,0.686397200941749,6.01738996369458e-11,83.9988219153375,0.681140841576506,TRUE,FALSE,TRUE
"TGM2",57.7479492637349,8.61954951858479e-12,2.74676311325569e-11,1.18675674011893,55.340476762506,2.75676148575599e-11,8.65719835000564e-11,1.03998464466466,8.65719835000564e-11,56.5442130131205,1.11337069239179,TRUE,FALSE,TRUE
"TIMP3",59.8348908464874,3.14215320429412e-12,1.03345130618297e-11,1.04377432063814,55.2413277534916,2.89186452562262e-11,9.00250000150347e-11,1.01958265202696,9.00250000150347e-11,57.5381092999895,1.03167848633255,TRUE,FALSE,TRUE
"FN1",54.4279171357557,4.28146407216445e-11,1.34052827062966e-10,0.492152999099628,58.1936714989777,6.94910795573378e-12,2.24124382716459e-11,0.474300968398559,1.34052827062966e-10,56.3107943173667,0.483226983749093,TRUE,FALSE,TRUE
"CCND1",63.9720713018173,4.2366110619696e-13,1.41286052624754e-12,0.487899146000817,47.4170063646552,5.0527471096018e-11,1.56613287033545e-10,0.533234129247356,1.56613287033545e-10,55.6945388332363,0.510566637624086,TRUE,FALSE,TRUE
"HNRNPA3",84.9213111973942,0,0,0.805244005303112,53.3023413928143,7.36642968846013e-11,2.2734326107489e-10,0.692615719900708,2.2734326107489e-10,69.1118262951043,0.74892986260191,TRUE,FALSE,TRUE
"PPDPF",57.2215299553625,1.11161080340594e-11,3.52665905328344e-11,0.52784528551582,52.7962036456315,9.40092448331598e-11,2.88886778113916e-10,0.554028354985344,2.88886778113916e-10,55.008866800497,0.540936820250582,TRUE,FALSE,TRUE
"CXCL1",67.4413542245265,7.87148124459236e-14,2.75309856213304e-13,1.40791724533769,52.0962573433382,1.31697874827807e-10,4.02972984515855e-10,1.26069990044591,4.02972984515855e-10,59.7688057839323,1.3343085728918,TRUE,FALSE,TRUE
"NQO1",51.4730946454453,1.77772574438961e-10,5.44713401165535e-10,0.538490113922637,64.8412735486459,2.77888823063677e-13,9.52001901021974e-13,0.481938809824056,5.44713401165535e-10,58.1571840970456,0.510214461873347,TRUE,FALSE,TRUE
"PRRX1",50.1102413678635,3.42446293544185e-10,1.04039827318297e-09,0.404272081550601,63.9145377112998,4.35651514862911e-13,1.4783245717623e-12,0.54700985497262,1.04039827318297e-09,57.0123895395816,0.47564096826161,TRUE,FALSE,TRUE
"CTSC",68.9539624646377,3.77475828372553e-14,1.3398523215006e-13,0.98879084271464,49.7718681116104,4.02939681620751e-10,1.21731988202725e-09,0.831944259474321,1.21731988202725e-09,59.362915288124,0.91036755109448,TRUE,FALSE,TRUE
"FABP5",48.8706690081004,6.21307338910526e-10,1.8717536218439e-09,0.793138633664324,50.2706916595965,3.17019743789615e-10,9.61805663361713e-10,0.583178511095665,1.8717536218439e-09,49.5706803338485,0.688158572379994,TRUE,FALSE,TRUE
"CSDE1",46.95162680338,1.56070534274022e-09,4.64326029354663e-09,0.570634940751581,47.8619292994663,1.00844721462323e-09,3.00853419029264e-09,0.549919446711798,4.64326029354663e-09,47.4067780514232,0.56027719373169,TRUE,FALSE,TRUE
"UACA",58.1824103784495,6.9869665608735e-12,2.24648207360821e-11,0.57273828199521,46.8925441039321,1.60555824191277e-09,4.7503293438411e-09,0.662987583356925,4.7503293438411e-09,52.5374772411908,0.617862932676068,TRUE,FALSE,TRUE
"BTG1",71.6734614636556,1.01030295240889e-14,3.64013676822701e-14,0.744526404381649,46.4732634410311,1.96304983379747e-09,5.73691298366934e-09,0.703803657951281,5.73691298366934e-09,59.0733624523433,0.724165031166465,TRUE,FALSE,TRUE
"PENK",46.2987586071523,2.13431383677687e-09,6.29754329616879e-09,1.37441212975121,47.2760535510678,1.33579969308073e-09,3.96859991803238e-09,1.34869736944251,6.29754329616879e-09,46.78740607911,1.36155474959686,TRUE,FALSE,TRUE
"CSF1",46.1035232596643,2.34365682416637e-09,6.8868932087184e-09,0.96957551928829,60.7478211190804,2.01993977100301e-12,6.66487039648919e-12,0.994352046142942,6.8868932087184e-09,53.4256721893723,0.981963782715616,TRUE,FALSE,TRUE
"ACTN4",67.5049907114164,7.62723217917483e-14,2.68074778062174e-13,0.520347937442704,46.0261693474378,2.43216069506502e-09,7.07897177913234e-09,0.496060128911796,7.07897177913234e-09,56.7655800294271,0.50820403317725,TRUE,FALSE,TRUE
"SEC22B",45.8382020454512,2.66137301085934e-09,7.78858958688222e-09,0.638133520686987,45.2320797132122,3.55783469352389e-09,1.02718130667867e-08,0.519682673126827,1.02718130667867e-08,45.5351408793317,0.578908096906907,TRUE,FALSE,TRUE
"DAB2",45.0701765502211,3.84460163704858e-09,1.12056072104221e-08,0.390041976417124,50.702942916058,2.57513899093453e-10,7.84595539365586e-10,0.504629050315303,1.12056072104221e-08,47.8865597331396,0.447335513366214,TRUE,FALSE,TRUE
"INSIG1",45.005706129365,3.96511390388099e-09,1.15100674861647e-08,0.917474310530253,45.1276207125642,3.74030650895918e-09,1.07552588771678e-08,0.814787890656641,1.15100674861647e-08,45.0666634209646,0.866131100593447,TRUE,FALSE,TRUE
"ANGPT1",62.2953039454334,9.54791801177635e-13,3.1693783400202e-12,1.47960410061723,44.1586541286612,5.94693561062343e-09,1.70320235888255e-08,1.06328471825347,1.70320235888255e-08,53.2269790370473,1.27144440943535,TRUE,FALSE,TRUE
"UBB",44.0983336588295,6.12101924701847e-09,1.7555083200449e-08,0.646474145102521,84.4027548689904,0,0,0.515019041934335,1.7555083200449e-08,64.25054426391,0.580746593518428,TRUE,FALSE,TRUE
"AKAP12",43.4219068174598,8.45839775998058e-09,2.41620366291079e-08,0.671560598824468,76.908398116483,7.7715611723761e-16,3.02415097794635e-15,0.686235465442024,2.41620366291079e-08,60.1651524669714,0.678898032133246,TRUE,FALSE,TRUE
"NUCKS1",43.2186089809608,9.32149357701917e-09,2.64170391095761e-08,0.437060459261203,64.945367097075,7.88258347483861e-15,2.89432295794074e-14,0.407965816722829,2.64170391095761e-08,54.0819880390179,0.422513137992016,TRUE,FALSE,TRUE
"ANKRD12",77.1744086863703,6.66133814775094e-16,2.5405209850731e-15,0.787097068187106,42.6652846000312,1.21420292709118e-08,3.46362269241946e-08,0.625647586474839,3.46362269241946e-08,59.9198466432007,0.706372327330972,TRUE,FALSE,TRUE
"ITM2B",41.1541537883702,2.49736292756708e-08,6.99456726197499e-08,0.621715585264474,46.8493675320992,1.6391475954336e-09,4.82975176267678e-09,0.428698416733892,6.99456726197499e-08,44.0017606602347,0.525207000999182,TRUE,FALSE,TRUE
"TAGLN2",51.4597327548153,1.78919545845702e-10,5.45894954771779e-10,0.59200618338101,41.1047045522484,2.55694563300324e-08,7.20776800484377e-08,0.543168186208088,7.20776800484377e-08,46.2822186535318,0.567587184794549,TRUE,FALSE,TRUE
"SFPQ",48.6071712958274,1.58143387274379e-10,4.8664724753532e-10,0.550451341827935,34.9097156059822,2.62694859198831e-08,7.3760595759358e-08,0.586774725083114,7.3760595759358e-08,41.7584434509048,0.568613033455525,TRUE,FALSE,TRUE
"GPX3",40.7404217668068,3.04185582278294e-08,8.48642266511815e-08,0.387713865992477,60.7939981309267,1.97530880541308e-12,6.54778289201743e-12,1.46169777982145,8.48642266511815e-08,50.7672099488667,0.924705822906962,TRUE,FALSE,TRUE
"MAP1LC3B",51.7856999139513,1.52937884578819e-10,4.72657169150918e-10,0.649760813029948,40.3719671414449,3.62566233702566e-08,1.01405243488686e-07,0.629900064876765,1.01405243488686e-07,46.0788335276981,0.639830438953356,TRUE,FALSE,TRUE
"FGF7",39.3024708526359,6.03285559286348e-08,1.6700994054375e-07,0.560034828791612,59.481979163511,3.72712971596911e-12,1.21301130756086e-11,0.559412835319163,1.6700994054375e-07,49.3922250080735,0.559723832055387,TRUE,FALSE,TRUE
"NORAD",38.479674731979,8.92178632083684e-08,2.43228927453993e-07,0.664514587573866,64.0807960332389,4.01900734914307e-13,1.37029012475545e-12,0.690387082690595,2.43228927453993e-07,51.280235382609,0.677450835132231,TRUE,FALSE,TRUE
"TUBA1B",38.2506524175636,9.94762239248104e-08,2.70168380886701e-07,0.524747382746184,57.9116255243579,7.96396282254364e-12,2.54562383077734e-11,0.555267776087648,2.70168380886701e-07,48.0811389709607,0.540007579416916,TRUE,FALSE,TRUE
"DSTN",52.8201225136154,9.29322174769709e-11,2.88451947753195e-10,0.457398192728439,38.2226569793588,1.00808291603194e-07,2.80851115906174e-07,0.37936339994882,2.80851115906174e-07,45.5213897464871,0.41838079633863,TRUE,FALSE,TRUE
"RAB1A",42.0188174319631,1.65324836043368e-08,4.66684674972814e-08,0.593885975346853,38.0712075347153,1.08329006098806e-07,2.9947323693724e-07,0.524427944199851,2.9947323693724e-07,40.0450124833392,0.559156959773352,TRUE,FALSE,TRUE
"CTGF",40.4865182046165,3.43309184414053e-08,9.54080175290218e-08,1.21315436656682,38.0785835971277,1.07950088312769e-07,2.9947323693724e-07,1.03236963787556,2.9947323693724e-07,39.2825509008721,1.12276200222119,TRUE,FALSE,TRUE
"CLU",113.172295147375,0,0,0.421958333299382,37.5576046590569,1.38251471271111e-07,3.80723282423522e-07,0.53185486935785,3.80723282423522e-07,75.3649499032158,0.476906601328616,TRUE,FALSE,TRUE
"PTX3",37.5013225386013,1.41994956681657e-07,3.82745804288526e-07,0.830517330987679,48.6324948328736,6.96606106131981e-10,2.08690364849581e-09,1.0796984481895,3.82745804288526e-07,43.0669086857375,0.955107889588589,TRUE,FALSE,TRUE
"GADD45A",58.7171770172803,5.39523981046841e-12,1.75040133217459e-11,0.999722312837756,37.2572030780803,1.59437510638405e-07,4.35714723729381e-07,0.792150779964108,4.35714723729381e-07,47.9871900476803,0.895936546400932,TRUE,FALSE,TRUE
"CYR61",49.8691046723247,3.84538845210614e-10,1.16335169627008e-09,0.456713424056991,37.0520071253381,1.75740656804813e-07,4.78442244381163e-07,0.392634905981941,4.78442244381163e-07,43.4605558988314,0.424674165019466,TRUE,FALSE,TRUE
"GNAI2",55.7741069614784,2.23620011396974e-11,7.03226088472064e-11,0.633383502117651,36.7004221550048,2.07630090898192e-07,5.63117973799642e-07,0.531403079468287,5.63117973799642e-07,46.2372645582416,0.582393290792969,TRUE,FALSE,TRUE
"MDM2",36.0908965739003,2.77174061036334e-07,7.36051117640931e-07,0.726077600154412,60.0535095749791,2.82673884299811e-12,9.24175804377465e-12,0.945650220007692,7.36051117640931e-07,48.0722030744397,0.835863910081052,TRUE,FALSE,TRUE
"HSPB6",35.9722107400839,2.93203785917129e-07,7.75745809972625e-07,0.309236644707753,66.901910013598,4.51527704115051e-13,1.52497092521876e-12,0.443726098863075,7.75745809972625e-07,51.437060376841,0.376481371785414,TRUE,FALSE,TRUE
"ISLR",38.6506836562693,8.225239289672e-08,2.25095288957818e-07,0.421712485441951,35.8815853465471,3.06063042576632e-07,8.23838866484468e-07,0.380731061396028,8.23838866484468e-07,37.2661345014082,0.401221773418989,TRUE,FALSE,TRUE
"SMS",35.1902393096858,4.24556605982396e-07,1.11097476820941e-06,0.304989593158805,56.0095721077464,1.99593674921061e-11,6.29555379927224e-11,0.176849057337136,1.11097476820941e-06,45.5999057087161,0.24091932524797,TRUE,FALSE,TRUE
"TIMP2",35.88614349512,3.05403040079533e-07,8.05051396092003e-07,0.564904923124649,34.8761095990096,4.92565655263455e-07,1.3159589894352e-06,0.601066582468145,1.3159589894352e-06,35.3811265470648,0.582985752796397,TRUE,FALSE,TRUE
"HEG1",47.1613931979322,1.41132738828986e-09,4.21634057251596e-09,0.825363366633341,34.0404984539835,7.31072542836664e-07,1.93154221649834e-06,0.805352958727969,1.93154221649834e-06,40.6009458259579,0.815358162680655,TRUE,FALSE,TRUE
"ARHGAP29",46.7222548881766,1.74216241433101e-09,5.16169607882368e-09,0.398190281907731,33.8865217955793,7.86206551528501e-07,2.06957312828826e-06,0.56057058065422,2.06957312828826e-06,40.3043883418779,0.479380431280976,TRUE,FALSE,TRUE
"ECM1",33.0462184039968,1.16873491151637e-06,2.99279618413298e-06,0.460098588346562,56.1732241719148,1.84430248850731e-11,5.84301142376652e-11,0.478356989288899,2.99279618413298e-06,44.6097212879558,0.46922778881773,TRUE,FALSE,TRUE
"SERP1",32.713958434916,1.36687351548481e-06,3.47534861915819e-06,0.498907749581625,35.8892586739869,3.04952790353141e-07,8.23838866484468e-07,0.651051113453775,3.47534861915819e-06,34.3016085544515,0.5749794315177,TRUE,FALSE,TRUE
"QSOX1",65.4656040044731,2.05280237253191e-13,6.97563649812978e-13,0.615206465767759,32.4419350388695,1.55374900234762e-06,4.04539740247597e-06,0.488560036918857,4.04539740247597e-06,48.9537695216713,0.551883251343308,TRUE,FALSE,TRUE
"TNFRSF11B",31.9493960835795,1.959200341628e-06,4.96376906341793e-06,0.990822900303941,48.9986195338891,5.84269743697519e-10,1.75771906087153e-09,1.00762993034939,4.96376906341793e-06,40.4740078087343,0.999226415326664,TRUE,FALSE,TRUE
"TRNP1",34.4097398522115,6.14055335801389e-07,1.58945009303103e-06,0.716139210362487,31.8993460608852,2.00588642629285e-06,5.16623986052402e-06,0.64455150534099,5.16623986052402e-06,33.1545429565483,0.680345357851738,TRUE,FALSE,TRUE
"TAGLN",64.6904235498987,2.98983060531555e-13,1.00643593615552e-12,1.09282390031659,31.7776152253184,2.1241125176541e-06,5.43165915228691e-06,0.792481167583444,5.43165915228691e-06,48.2340193876086,0.942652533950016,TRUE,FALSE,TRUE
"MT.ND5",26.0704266112278,2.18212080960178e-06,5.50908669184676e-06,0.3003027713581,26.6607878468988,1.62436445472203e-06,4.21393097674265e-06,0.27832426498779,5.50908669184676e-06,26.3656072290633,0.289313518172945,TRUE,FALSE,TRUE
"PTHLH",37.3086392966732,1.55592954631523e-07,4.16269210711947e-07,1.10269967135816,31.674177746723,2.23000941790286e-06,5.68215922853539e-06,1.33483649883418,5.68215922853539e-06,34.4914085216981,1.21876808509617,TRUE,FALSE,TRUE
"RHOB",34.1172615145002,7.05043010307271e-07,1.81188472541331e-06,0.568223673796861,31.4776656049203,2.44589006892504e-06,6.16639890616313e-06,0.632810237423439,6.16639890616313e-06,32.7974635597103,0.60051695561015,TRUE,FALSE,TRUE
"SERPINE1",31.3213043282741,2.63243210940622e-06,6.59948888966525e-06,0.424375365998079,31.5899444849479,2.3201176273524e-06,5.8907951105827e-06,0.515078917831521,6.59948888966525e-06,31.455624406611,0.4697271419148,TRUE,FALSE,TRUE
"BRI3",31.1128339484629,2.90335609787196e-06,7.22814695199373e-06,0.514966366322034,42.5265414360211,1.29738187970574e-08,3.68621200741789e-08,0.531825823608841,7.22814695199373e-06,36.819687692242,0.523396094965437,TRUE,FALSE,TRUE
"IGFBP3",34.297041425759,6.47639476492046e-07,1.67035073613236e-06,0.660028807149033,30.6920695421686,3.53764458127515e-06,8.85648083983568e-06,0.662783667112577,8.85648083983568e-06,32.4945554839638,0.661406237130805,TRUE,FALSE,TRUE
"ELN",30.5256419732476,3.82504852247667e-06,9.45710272626129e-06,1.2215651959675,59.0128560176821,4.67637040202362e-12,1.51505937006738e-11,1.77314456030873,9.45710272626129e-06,44.7692489954649,1.49735487813812,TRUE,FALSE,TRUE
"PSG5",30.2515595783137,4.3498875288428e-06,1.06810594458229e-05,1.2715488786246,32.256672770326,1.69538247341006e-06,4.3822882706195e-06,1.29181213929766,1.06810594458229e-05,31.2541161743199,1.28168050896113,TRUE,FALSE,TRUE
"GSTO1",30.1817183420714,4.49471716734706e-06,1.09990177781155e-05,0.534574715000344,45.364940821101,3.33852989697903e-09,9.67768180662746e-09,0.578463951552731,1.09990177781155e-05,37.7733295815862,0.556519333276537,TRUE,FALSE,TRUE
"RAD21",37.4734397794539,1.43886788817049e-07,3.86392612666009e-07,0.32713341335085,30.0892938729909,4.69378311296342e-06,1.17099258149192e-05,0.252294975195062,1.17099258149192e-05,33.7813668262224,0.289714194272956,TRUE,FALSE,TRUE
"SERPINH1",29.6363996613461,5.80356214774369e-06,1.40579529051764e-05,0.55361779026548,48.6084854786632,2.784850128279e-11,8.70721699496841e-11,0.441281436201358,1.40579529051764e-05,39.1224425700047,0.497449613233419,TRUE,FALSE,TRUE
"MYL12A",29.3779402116983,6.55021829476521e-06,1.57600889843847e-05,0.527883565942771,34.4906990634347,5.91006214523127e-07,1.57308717322884e-06,0.500497432978757,1.57600889843847e-05,31.9343196375665,0.514190499460764,TRUE,FALSE,TRUE
"OXTR",29.1465460524875,7.2994113586855e-06,1.73300594178063e-05,1.2647021104637,34.3957144821268,6.18138442320948e-07,1.63921157296963e-06,1.58639240962696,1.73300594178063e-05,31.7711302673072,1.42554726004533,TRUE,FALSE,TRUE
"EREG",28.2841710672889,1.09233534182351e-05,2.57633039502454e-05,1.18173947669802,35.0712512693862,4.49140067138032e-07,1.20443553584581e-06,1.44312705606129,2.57633039502454e-05,31.6777111683376,1.31243326637965,TRUE,FALSE,TRUE
"SRGN",43.3977100826608,8.55679138656029e-09,2.43461088260465e-08,0.696588325569505,28.3348109144806,1.06680559215366e-05,2.63237386768504e-05,0.682738036618808,2.63237386768504e-05,35.8662604985707,0.689663181094156,TRUE,FALSE,TRUE
"COL12A1",29.696470045485,5.64253636381462e-06,1.37142324503562e-05,0.864662180682308,28.3213407575396,1.07353794603915e-05,2.63237386768504e-05,0.817620283100073,2.63237386768504e-05,29.0089054015123,0.84114123189119,TRUE,FALSE,TRUE
"OSBPL8",29.300919784651,6.7906792153849e-06,1.62840033358895e-05,0.715471435963078,28.3269953274554,1.07070667183518e-05,2.63237386768504e-05,0.694748577788415,2.63237386768504e-05,28.8139575560532,0.705110006875747,TRUE,FALSE,TRUE
"TMSB4X",29.4342573252126,6.37977615058904e-06,1.54016818180887e-05,0.272151074456251,27.7938284107556,1.37322961775155e-05,3.33299120783088e-05,0.272695535247617,3.33299120783088e-05,28.6140428679841,0.272423304851934,TRUE,FALSE,TRUE
"TIMP1",39.150831728354,6.48415713344619e-08,1.78127994815361e-07,0.751479207259043,27.7350647526942,1.41138697183907e-05,3.41403064809721e-05,0.678355666922521,3.41403064809721e-05,33.4429482405241,0.714917437090782,TRUE,FALSE,TRUE
"LPXN",34.5681139164053,5.69773181524624e-07,1.48017163461288e-06,0.7496006111148,27.2646427208845,1.75740269611202e-05,4.2083623090843e-05,0.749952955692539,4.2083623090843e-05,30.9163783186449,0.749776783403669,TRUE,FALSE,TRUE
"IL7R",27.0915770893727,1.90491697490414e-05,4.46348193139303e-05,0.730840336307895,46.6087198759869,1.83962478583766e-09,5.39824322401542e-09,0.978678523551983,4.46348193139303e-05,36.8501484826798,0.854759429929939,TRUE,FALSE,TRUE
"CITED2",36.5872632345907,2.19073938878545e-07,5.83925703256195e-07,0.338581910809151,26.615831553029,2.37696062531656e-05,5.63544307194257e-05,0.395553907261605,5.63544307194257e-05,31.6015473938099,0.367067909035378,TRUE,FALSE,TRUE
"CXCL12",33.0246010978024,1.18070714172358e-06,3.0126940235438e-06,0.96229288191758,26.0435314761517,3.10114235367864e-05,7.32811196446834e-05,0.889102107814914,7.32811196446834e-05,29.534066286977,0.925697494866247,TRUE,FALSE,TRUE
"SMIM3",30.7573003402268,3.43095639843138e-06,8.51209597811523e-06,0.494497507282504,25.8931124705797,3.32543948934338e-05,7.83228511305876e-05,0.530131056363873,7.83228511305876e-05,28.3252064054032,0.512314281823188,TRUE,FALSE,TRUE
"MGLL",28.9262824160094,8.09161674042436e-06,1.91474891184299e-05,0.606297377782559,25.4093243323785,4.1620151907229e-05,9.77050123461507e-05,0.578542850076923,9.77050123461507e-05,27.167803374194,0.592420113929741,TRUE,FALSE,TRUE
"IFIT3",25.294452762138,4.38958807170708e-05,0.000101855490207572,1.10300949832079,27.3363431946463,1.69966949344902e-05,4.083769655401e-05,1.12995002056505,0.000101855490207572,26.3153979783922,1.11647975944292,TRUE,FALSE,TRUE
"DUSP5",37.6969245743156,1.29402808690671e-07,3.50120052193249e-07,1.02569303276179,25.128005259819,4.74144647764074e-05,0.000110943649607542,0.942041266316388,0.000110943649607542,31.4124649170673,0.983867149539087,TRUE,FALSE,TRUE
"FOSL1",41.3295226201142,2.29700585219206e-08,6.45863998439884e-08,0.698015310568582,25.0682899960861,4.87439609239138e-05,0.00011368298378346,0.491176780719369,0.00011368298378346,33.1989063081002,0.594596045643975,TRUE,FALSE,TRUE
"HNRNPK",24.774250189896,5.5850523248302e-05,0.000129176855383976,0.562047264271625,28.2820268866204,1.09342962943959e-05,2.6719986849104e-05,0.536046946163744,0.000129176855383976,26.5281385382582,0.549047105217684,TRUE,FALSE,TRUE
"GLIPR1",28.208343983787,1.13170400917184e-05,2.66043204779085e-05,0.647446942624741,24.4724296231084,6.42159977427559e-05,0.000148798234251823,0.563909113682159,0.000148798234251823,26.3403868034477,0.60567802815345,TRUE,FALSE,TRUE
"COL6A1",39.274368859645,6.1140587481745e-08,1.68606927786197e-07,0.282998264774576,24.3786611335054,6.70600310169744e-05,0.000154887039381141,0.25402982102927,0.000154887039381141,31.8265149965752,0.268514042901923,TRUE,FALSE,TRUE
"EMP3",30.4027983643309,4.05199350539398e-06,9.98377781225939e-06,0.5108987075259,24.1791899986549,7.35329200939328e-05,0.000169291224396321,0.577493507075182,0.000169291224396321,27.2909941814929,0.544196107300541,TRUE,FALSE,TRUE
"SCUBE3",24.1366289514477,7.49923898899496e-05,0.000171787679076977,0.654004198969661,24.6776883870804,5.84018027868227e-05,0.000135765229855081,0.787502387220657,0.000171787679076977,24.4071586692641,0.720753293095159,TRUE,FALSE,TRUE
"NFIX",31.1914115618332,2.7981227643803e-06,6.99043213261558e-06,0.473087059192844,23.6589004782633,9.34852478557957e-05,0.000214536658540864,0.445906807676589,0.000214536658540864,27.4251560200482,0.459496933434717,TRUE,FALSE,TRUE
"H3F3B",29.2513078599474,6.95020165497606e-06,1.66109819553928e-05,0.25607692404245,23.4475253429512,0.000103050505031566,0.00023498140637771,0.166668364908258,0.00023498140637771,26.3494166014493,0.211372644475354,TRUE,FALSE,TRUE
"PPIF",22.5066490959415,0.000158853644238621,0.000358170009179533,0.659864339037319,26.8603391934384,2.12140158244445e-05,5.04625758481802e-05,0.601311354128525,0.000358170009179533,24.68349414469,0.630587846582922,TRUE,FALSE,TRUE
"INHBA",22.2694849255919,0.000177122345524139,0.000398108845582469,0.386311927331174,41.7591938853988,1.8713093186129e-08,5.29587933646971e-08,0.18074897956905,0.000398108845582469,32.0143394054953,0.283530453450112,TRUE,FALSE,TRUE
"COL8A1",21.5035636848433,0.00025157309683721,0.000563680970100873,0.614494888331989,31.8158518284266,2.08624780684286e-06,5.35395494515944e-06,0.722671185640659,0.000563680970100873,26.659707756635,0.668583036986324,TRUE,FALSE,TRUE
"GREM2",21.1189267219184,0.000299930756728295,0.000669938793066005,0.630165649621547,31.0708142520198,2.96123792897784e-06,7.43946090227416e-06,0.657584580616839,0.000669938793066005,26.0948704869691,0.643875115119193,TRUE,FALSE,TRUE
"FBLN1",19.8116906894145,0.000544008095896165,0.00119648406367347,0.417249923422977,29.5333150975154,6.0906233799729e-06,1.51419664585437e-05,0.536836243351916,0.00119648406367347,24.672502893465,0.477043083387447,TRUE,FALSE,TRUE
"PCBP1",35.3330741340609,3.96811449365764e-07,1.04217512525734e-06,0.455139109119272,19.1584651792602,0.000731553867896473,0.00162668499817973,0.472314351055282,0.00162668499817973,27.2457696566605,0.463726730087277,TRUE,FALSE,TRUE
"TPM1",19.0118197046044,0.000781752854352114,0.00169853574718323,0.380631203491111,20.4263066918496,0.000411350112519249,0.000920395876761819,0.351772485702645,0.00169853574718323,19.719063198227,0.366201844596878,TRUE,FALSE,TRUE
"S100A11",18.9830958111333,0.000791977216243356,0.00171555185512534,0.361342665748608,31.5272143345244,2.38957060683109e-06,6.04569807240658e-06,0.460151082844546,0.00171555185512534,25.2551550728289,0.410746874296577,TRUE,FALSE,TRUE
"RGMB",19.9110561058436,0.000519998891025164,0.0011471975534309,0.524517810901267,18.8241137049248,0.000851005126718984,0.00187482975609475,0.566316205626135,0.00187482975609475,19.3675849053842,0.545417008263701,TRUE,FALSE,TRUE
"LOXL2",23.00398487021,0.000126394270109631,0.000286786998951283,0.603226365172223,18.4104056136961,0.00102577676128524,0.00225293300944855,0.672920944032929,0.00225293300944855,20.7071952419531,0.638073654602576,TRUE,FALSE,TRUE
"HTRA1",18.3146295915629,0.00107104477644759,0.002299218876386,0.299295611280407,26.9499347089189,2.03476204053699e-05,4.85629873674827e-05,0.41327267446245,0.002299218876386,22.6322821502409,0.356284142871429,TRUE,FALSE,TRUE
"CALM3",13.6266989939398,0.00109900561215759,0.002352200071394,0.453818754279616,19.8880306961206,0.00017905733825363,0.000405712196802528,0.419477497740396,0.002352200071394,16.7573648450302,0.436648126010006,TRUE,FALSE,TRUE
"CALM2",18.7567722692452,0.000877300703153616,0.00189465242217212,0.512694733783009,17.8183859596911,0.00133913677582431,0.00292323759600673,0.455198623229957,0.00292323759600673,18.2875791144681,0.483946678506483,TRUE,FALSE,TRUE
"TMED10",17.2682068495548,0.00171422502452956,0.00364717905812372,0.401504264090749,22.5554205995688,0.000155335253324784,0.000353079496446176,0.5258215160497,0.00364717905812372,19.9118137245618,0.463662890070224,TRUE,FALSE,TRUE
"EFEMP1",23.1252929606516,0.000119532933018363,0.000272946219662949,0.98264735850759,16.9114564242159,0.00201103152058058,0.00436332899616876,0.949630943953766,0.00436332899616876,20.0183746924338,0.966139151230678,TRUE,FALSE,TRUE
"CCL2",29.9357068678342,5.04417778768307e-06,1.23016172577169e-05,0.766985931461832,16.8600283031108,0.00205780262124089,0.00445131926528241,0.630445001745131,0.00445131926528241,23.3978675854725,0.698715466603482,TRUE,FALSE,TRUE
"C12orf75",44.154294742357,5.95934934732867e-09,1.71600541447175e-08,0.866093652115885,16.4896032999209,0.00242787172143799,0.00520649737159282,0.712728289723083,0.00520649737159282,30.3219490211389,0.789410970919484,TRUE,FALSE,TRUE
"ASPM",66.8133976008867,1.06692432666478e-13,3.71351816610992e-13,1.71526191648964,12.0161708862455,0.0024587911724534,0.00525520740142279,4.15717898876938,0.00525520740142279,39.4147842435661,2.93622045262951,TRUE,FALSE,TRUE
"CD248",31.419328462894,2.51389558292292e-06,6.32443204545871e-06,0.342744686057406,16.2881944148507,0.00265585497868859,0.00565950049030068,0.147167240100996,0.00565950049030068,23.8537614388724,0.244955963079201,TRUE,FALSE,TRUE
"TPM4",16.0044967359517,0.00301313563523298,0.00635417132488837,0.407180158695727,18.3534827099523,0.00105244789691472,0.00230444248988055,0.423616682669672,0.00635417132488837,17.178989722952,0.4153984206827,TRUE,FALSE,TRUE
"ARL4C",54.1399815073607,4.91919838196964e-11,1.5335066260314e-10,0.864662488158301,15.845584102226,0.00323352261451049,0.00687003617801041,0.628592143597809,0.00687003617801041,34.9927828047934,0.746627315878055,TRUE,FALSE,TRUE
"FILIP1L",44.4190313444763,5.25044330235147e-09,1.51797090636532e-08,0.646397367873479,15.7930381971006,0.00330982814513747,0.00701135192875275,0.475611050605511,0.00701135192875275,30.1060347707885,0.561004209239495,TRUE,FALSE,TRUE
"TPM3",15.6840454282903,0.00347379698992656,0.00730414205799807,0.444616373577158,22.0011021737411,0.000200319189871734,0.000449619247486399,0.480842405679607,0.00730414205799807,18.8425738010157,0.462729389628382,TRUE,FALSE,TRUE
"ADAMTS1",15.3615747333997,0.0040071495265428,0.00840095383196253,0.740625692629531,22.225393389226,0.00018074154441905,0.000408236422094762,0.687031712436747,0.00840095383196253,18.7934840613128,0.713828702533139,TRUE,FALSE,TRUE
"TWIST2",14.9279820281981,0.00485294180275619,0.0101149978853959,0.326832130005983,32.5437519024702,1.48099493879617e-06,3.87004516853305e-06,0.395041883158674,0.0101149978853959,23.7358669653341,0.360937006582328,TRUE,FALSE,TRUE
"CD151",14.6216495115785,0.00555383886325556,0.0114757996108191,0.50552804929121,33.3594692464317,1.00822865267691e-06,2.64429199749696e-06,0.566905839055294,0.0114757996108191,23.9905593790051,0.536216944173252,TRUE,FALSE,TRUE
"CTHRC1",29.17514079697,7.2023977168989e-06,1.71565420698223e-05,0.812185602907198,14.3199594904209,0.00634087784702464,0.0132363514241097,0.594315683216429,0.0132363514241097,21.7475501436955,0.703250643061814,TRUE,FALSE,TRUE
"DDIT4",14.8105299217121,0.00511076249171782,0.0106214977001788,1.03960263035522,14.0062619715604,0.00727509689258898,0.0151423528345747,0.934932917203125,0.0151423528345747,14.4083959466362,0.98726777377917,TRUE,FALSE,TRUE
"NEFM",48.0218693430632,9.33928157031971e-10,2.80178447109591e-09,2.32608855368038,11.9359466663886,0.0076058322181457,0.0157848575889633,1.12430645234387,0.0157848575889633,29.9789080047259,1.72519750301213,TRUE,FALSE,TRUE
"ATP2A2",20.5165788126752,0.000394778893571646,0.000873631070033549,0.249263967252533,13.3217945934627,0.00980592798970015,0.0202920359555645,0.12256934192801,0.0202920359555645,16.9191867030689,0.185916654590272,TRUE,FALSE,TRUE
"PDIA4",13.2167198128314,0.0102640038560675,0.0210265450422869,0.494799215884238,17.0739406928384,0.00187004181921935,0.00406975666431931,0.540283798363196,0.0210265450422869,15.1453302528349,0.517541507123717,TRUE,FALSE,TRUE
"SOD3",23.0759648217989,0.000122277221833555,0.000278326247792569,0.598137368130089,13.175580160306,0.0104489927458221,0.0214369020229474,0.639371211176287,0.0214369020229474,18.1257724910524,0.618754289653188,TRUE,FALSE,TRUE
"HSP90B1",13.118997002454,0.010708754986355,0.0218751490746911,0.338239638541969,13.1796828664959,0.0104303992302381,0.0214369020229474,0.368887668933401,0.0218751490746911,13.149339934475,0.353563653737685,TRUE,FALSE,TRUE
"PDLIM5",13.0463424504511,0.0110515623632415,0.0225112790183072,0.319002847407946,66.0925191475865,1.51434420558871e-13,5.21283870769961e-13,0.509551767951742,0.0225112790183072,39.5694307990188,0.414277307679844,TRUE,FALSE,TRUE
"TNC",12.8974595156803,0.011787846424785,0.0239430195086993,0.256969538365705,12.9390710451125,0.0115773728244388,0.0236839969779949,0.553353313356655,0.0239430195086993,12.9182652803964,0.40516142586118,TRUE,FALSE,TRUE
"MFAP5",12.8511059944032,0.0120267031665398,0.0243591699729068,0.494995929134051,15.4578289464702,0.0038400363144756,0.0081105191774765,0.536486926053973,0.0243591699729068,14.1544674704367,0.515741427594012,TRUE,FALSE,TRUE
"RPSA",15.2528469253104,0.00420452701183194,0.00878905500724052,0.451123685409272,12.8147239473716,0.0122174795003551,0.0249222658753683,0.507199793209713,0.0249222658753683,14.033785436341,0.479161739309493,TRUE,FALSE,TRUE
"FRMD6",22.7435770191553,0.00014247133317713,0.000322245886082026,0.270760153425209,12.6234396555967,0.0132701077460731,0.0269926055289441,0.202029772504772,0.0269926055289441,17.683508337376,0.23639496296499,TRUE,FALSE,TRUE
"ATP2B1",17.0051119627444,0.00192853396510551,0.00409100252361138,0.312214747707051,12.6066984131764,0.0133663333744918,0.027111316419649,0.63544603996267,0.027111316419649,14.8059051879604,0.473830393834861,TRUE,FALSE,TRUE
"MASP1",19.6481027138204,0.000585947289947875,0.00128086648442874,0.644455512809103,12.113828245272,0.0165245808230688,0.0333284503361051,0.721435103604994,0.0333284503361051,15.8809654795462,0.682945308207048,TRUE,FALSE,TRUE
"HNRNPUL1",18.5222685458273,0.000975294690110928,0.00209995883726587,0.532317221481264,7.99778200058058,0.0183359621941319,0.0366719243882638,0.369199680806835,0.0366719243882638,13.2600252732039,0.45075845114405,TRUE,FALSE,TRUE
"ASPH",11.663862449547,0.0200340122973364,0.0402363776391882,0.263697323159201,27.8110848125564,1.36222061872804e-05,3.31751688098393e-05,0.45643780461222,0.0402363776391882,19.7374736310517,0.36006756388571,TRUE,FALSE,TRUE
"LMO4",11.2003755692449,0.0244020121778133,0.0486006742541449,0.455864063305804,15.3825005901351,0.00397022111767587,0.008360818588988,0.413425779814832,0.0486006742541449,13.29143807969,0.434644921560318,TRUE,FALSE,TRUE
